{
  "txt": {
    "Tesseract-PNG--PP": {
      "jaccard": [
        0.4948613262001971
      ],
      "braycurtis": [
        0.19464879060926596
      ],
      "dice": [
        0.32878121784678704
      ],
      "cosinus": [
        0.07270914164609699
      ]
    }
  },
  "json": {
    "md--sm": {
      "jaccard": [
        0.8402777777777778
      ],
      "braycurtis": [
        0.5560253699788583
      ],
      "dice": [
        0.7245508982035929
      ],
      "cosinus": [
        0.23607464007542578
      ]
    },
    "md--lg": {
      "jaccard": [
        0.8403361344537815
      ],
      "braycurtis": [
        0.45989304812834225
      ],
      "dice": [
        0.7246376811594203
      ],
      "cosinus": [
        0.1252986654010615
      ]
    },
    "md--md": {
      "jaccard": [
        0.8467741935483871
      ],
      "braycurtis": [
        0.4846938775510204
      ],
      "dice": [
        0.7342657342657343
      ],
      "cosinus": [
        0.13692613333649117
      ]
    },
    "sm--lg": {
      "jaccard": [
        0.8741258741258742
      ],
      "braycurtis": [
        0.623015873015873
      ],
      "dice": [
        0.7763975155279503
      ],
      "cosinus": [
        0.5937497154943294
      ]
    },
    "sm--sm": {
      "jaccard": [
        0.7898089171974523
      ],
      "braycurtis": [
        0.5058043117744611
      ],
      "dice": [
        0.6526315789473685
      ],
      "cosinus": [
        0.3900220842698493
      ]
    },
    "sm--md": {
      "jaccard": [
        0.5970149253731343
      ],
      "braycurtis": [
        0.28798185941043086
      ],
      "dice": [
        0.425531914893617
      ],
      "cosinus": [
        0.14455559231630366
      ]
    },
    "lg--lg": {
      "jaccard": [
        0.8467741935483871
      ],
      "braycurtis": [
        0.48947368421052634
      ],
      "dice": [
        0.7342657342657343
      ],
      "cosinus": [
        0.17714714873218562
      ]
    },
    "lg--sm": {
      "jaccard": [
        0.6515151515151515
      ],
      "braycurtis": [
        0.3475177304964539
      ],
      "dice": [
        0.48314606741573035
      ],
      "cosinus": [
        0.1647012636214501
      ]
    },
    "lg--md": {
      "jaccard": [
        0.3333333333333333
      ],
      "braycurtis": [
        0.10526315789473684
      ],
      "dice": [
        0.2
      ],
      "cosinus": [
        0.014199023639468678
      ]
    }
  }
}