{
  "txt": {
    "TesseractFra-PNG--PP": {
      "jaccard": [
        0.33148521505376344
      ],
      "braycurtis": [
        0.07940655575878988
      ],
      "dice": [
        0.19867082871815528
      ],
      "cosinus": [
        0.009186388201869677
      ]
    }
  },
  "json": {
    "sm--md": {
      "jaccard": [
        0.5970149253731343
      ],
      "braycurtis": [
        0.28798185941043086
      ],
      "dice": [
        0.425531914893617
      ],
      "cosinus": [
        0.14455559231630366
      ]
    },
    "sm--lg": {
      "jaccard": [
        0.8285714285714286
      ],
      "braycurtis": [
        0.6343490304709142
      ],
      "dice": [
        0.7073170731707317
      ],
      "cosinus": [
        0.45027704344877406
      ]
    },
    "sm--sm": {
      "jaccard": [
        0.6782608695652174
      ],
      "braycurtis": [
        0.41739130434782606
      ],
      "dice": [
        0.5131578947368421
      ],
      "cosinus": [
        0.1506877748974199
      ]
    },
    "md--lg": {
      "jaccard": [
        0.7439024390243902
      ],
      "braycurtis": [
        0.5374149659863946
      ],
      "dice": [
        0.5922330097087378
      ],
      "cosinus": [
        0.2804294350995661
      ]
    },
    "md--sm": {
      "jaccard": [
        0.8
      ],
      "braycurtis": [
        0.628498727735369
      ],
      "dice": [
        0.6666666666666666
      ],
      "cosinus": [
        0.3801937611825592
      ]
    },
    "md--md": {
      "jaccard": [
        0.7294117647058823
      ],
      "braycurtis": [
        0.5512820512820513
      ],
      "dice": [
        0.5740740740740741
      ],
      "cosinus": [
        0.3329013515496325
      ]
    },
    "lg--lg": {
      "jaccard": [
        0.6617647058823529
      ],
      "braycurtis": [
        0.38513513513513514
      ],
      "dice": [
        0.4945054945054945
      ],
      "cosinus": [
        0.10124815067334803
      ]
    },
    "lg--sm": {
      "jaccard": [
        0.6515151515151515
      ],
      "braycurtis": [
        0.3475177304964539
      ],
      "dice": [
        0.48314606741573035
      ],
      "cosinus": [
        0.1647012636214501
      ]
    },
    "lg--md": {
      "jaccard": [
        0.3333333333333333
      ],
      "braycurtis": [
        0.10526315789473684
      ],
      "dice": [
        0.2
      ],
      "cosinus": [
        0.014199023639468678
      ]
    }
  }
}