{
  "txt": {
    "Kraken-base--PP": {
      "jaccard": [
        0.49968827930174564
      ],
      "braycurtis": [
        0.15305663226049968
      ],
      "dice": [
        0.33305630583835444
      ],
      "cosinus": [
        0.023640225481440957
      ]
    }
  },
  "json": {
    "md--sm": {
      "jaccard": [
        0.8794326241134752
      ],
      "braycurtis": [
        0.6007827788649707
      ],
      "dice": [
        0.7848101265822784
      ],
      "cosinus": [
        0.4400110828114816
      ]
    },
    "md--lg": {
      "jaccard": [
        0.8378378378378378
      ],
      "braycurtis": [
        0.5776699029126213
      ],
      "dice": [
        0.7209302325581395
      ],
      "cosinus": [
        0.4676883566883616
      ]
    },
    "md--md": {
      "jaccard": [
        0.8547008547008547
      ],
      "braycurtis": [
        0.5720930232558139
      ],
      "dice": [
        0.746268656716418
      ],
      "cosinus": [
        0.4356062478664975
      ]
    },
    "sm--lg": {
      "jaccard": [
        0.9122807017543859
      ],
      "braycurtis": [
        0.7161290322580646
      ],
      "dice": [
        0.8387096774193549
      ],
      "cosinus": [
        0.6812190395237241
      ]
    },
    "sm--sm": {
      "jaccard": [
        0.8055555555555556
      ],
      "braycurtis": [
        0.5799721835883171
      ],
      "dice": [
        0.6744186046511628
      ],
      "cosinus": [
        0.5060257115273749
      ]
    },
    "sm--md": {
      "jaccard": [
        0.5970149253731343
      ],
      "braycurtis": [
        0.28798185941043086
      ],
      "dice": [
        0.425531914893617
      ],
      "cosinus": [
        0.14455559231630366
      ]
    },
    "lg--lg": {
      "jaccard": [
        0.8173076923076923
      ],
      "braycurtis": [
        0.5950617283950618
      ],
      "dice": [
        0.6910569105691057
      ],
      "cosinus": [
        0.4790472101308918
      ]
    },
    "lg--sm": {
      "jaccard": [
        0.6515151515151515
      ],
      "braycurtis": [
        0.3475177304964539
      ],
      "dice": [
        0.48314606741573035
      ],
      "cosinus": [
        0.1647012636214501
      ]
    },
    "lg--md": {
      "jaccard": [
        0.3333333333333333
      ],
      "braycurtis": [
        0.10526315789473684
      ],
      "dice": [
        0.2
      ],
      "cosinus": [
        0.014199023639468678
      ]
    }
  }
}