{
  "txt": {
    "Tesseract-BIN--PP": {
      "jaccard": [
        0.3993912207625761
      ],
      "braycurtis": [
        0.14759205573103718
      ],
      "dice": [
        0.24952457211490342
      ],
      "cosinus": [
        0.04613729865348948
      ]
    }
  },
  "json": {
    "sm--md": {
      "jaccard": [
        0.5970149253731343
      ],
      "braycurtis": [
        0.28798185941043086
      ],
      "dice": [
        0.425531914893617
      ],
      "cosinus": [
        0.14455559231630366
      ]
    },
    "sm--lg": {
      "jaccard": [
        0.8118811881188119
      ],
      "braycurtis": [
        0.5681818181818182
      ],
      "dice": [
        0.6833333333333333
      ],
      "cosinus": [
        0.49164135995921476
      ]
    },
    "sm--sm": {
      "jaccard": [
        0.7155172413793104
      ],
      "braycurtis": [
        0.44712430426716143
      ],
      "dice": [
        0.5570469798657718
      ],
      "cosinus": [
        0.2975171115565699
      ]
    },
    "md--lg": {
      "jaccard": [
        0.7816091954022989
      ],
      "braycurtis": [
        0.40869565217391307
      ],
      "dice": [
        0.6415094339622641
      ],
      "cosinus": [
        0.1255578364447283
      ]
    },
    "md--sm": {
      "jaccard": [
        0.7837837837837838
      ],
      "braycurtis": [
        0.5225225225225225
      ],
      "dice": [
        0.6444444444444445
      ],
      "cosinus": [
        0.23550531116485218
      ]
    },
    "md--md": {
      "jaccard": [
        0.7934782608695652
      ],
      "braycurtis": [
        0.4380165289256198
      ],
      "dice": [
        0.6576576576576577
      ],
      "cosinus": [
        0.1411898467015671
      ]
    },
    "lg--lg": {
      "jaccard": [
        0.7692307692307693
      ],
      "braycurtis": [
        0.43529411764705883
      ],
      "dice": [
        0.625
      ],
      "cosinus": [
        0.15198793915552677
      ]
    },
    "lg--sm": {
      "jaccard": [
        0.6515151515151515
      ],
      "braycurtis": [
        0.3475177304964539
      ],
      "dice": [
        0.48314606741573035
      ],
      "cosinus": [
        0.1647012636214501
      ]
    },
    "lg--md": {
      "jaccard": [
        0.3333333333333333
      ],
      "braycurtis": [
        0.10526315789473684
      ],
      "dice": [
        0.2
      ],
      "cosinus": [
        0.014199023639468678
      ]
    }
  }
}