{
  "txt": {
    "PP--Tesseract-BIN": {
      "jaccard": [
        0.5061684878392668
      ],
      "braycurtis": [
        0.17362383109997107
      ],
      "dice": [
        0.33883907503539407
      ],
      "cosinus": [
        0.022391683200841395
      ]
    }
  },
  "json": {
    "sm--lg": {
      "jaccard": [
        0.7595419847328244
      ],
      "braycurtis": [
        0.543801652892562
      ],
      "dice": [
        0.6123076923076923
      ],
      "cosinus": [
        0.25414578651188946
      ]
    },
    "sm--md": {
      "jaccard": [
        0.8611111111111112
      ],
      "braycurtis": [
        0.7019064124783362
      ],
      "dice": [
        0.7560975609756098
      ],
      "cosinus": [
        0.48474374092403283
      ]
    },
    "sm--sm": {
      "jaccard": [
        0.8313725490196079
      ],
      "braycurtis": [
        0.5146443514644351
      ],
      "dice": [
        0.7114093959731543
      ],
      "cosinus": [
        0.09779904961120334
      ]
    },
    "lg--md": {
      "jaccard": [
        0.8373493975903614
      ],
      "braycurtis": [
        0.5841584158415841
      ],
      "dice": [
        0.7202072538860104
      ],
      "cosinus": [
        0.229383259813018
      ]
    },
    "lg--sm": {
      "jaccard": [
        0.8963963963963963
      ],
      "braycurtis": [
        0.6433823529411765
      ],
      "dice": [
        0.8122448979591836
      ],
      "cosinus": [
        0.3288847285071501
      ]
    },
    "lg--lg": {
      "jaccard": [
        0.7976190476190477
      ],
      "braycurtis": [
        0.48729792147806006
      ],
      "dice": [
        0.6633663366336634
      ],
      "cosinus": [
        0.14234327946484737
      ]
    },
    "md--md": {
      "jaccard": [
        0.8291139240506329
      ],
      "braycurtis": [
        0.5359116022099447
      ],
      "dice": [
        0.7081081081081081
      ],
      "cosinus": [
        0.1691117422137195
      ]
    },
    "md--sm": {
      "jaccard": [
        0.7258064516129032
      ],
      "braycurtis": [
        0.5486111111111112
      ],
      "dice": [
        0.569620253164557
      ],
      "cosinus": [
        0.48364878307379466
      ]
    },
    "md--lg": {
      "jaccard": [
        0.6212121212121212
      ],
      "braycurtis": [
        0.41935483870967744
      ],
      "dice": [
        0.45054945054945056
      ],
      "cosinus": [
        0.2185617965744111
      ]
    }
  }
}