{
  "txt": {
    "PP--Tesserat-PNG": {
      "jaccard": [
        0.5467059980334317
      ],
      "braycurtis": [
        0.19120740937779604
      ],
      "dice": [
        0.3761840324763194
      ],
      "cosinus": [
        0.021144786270393623
      ]
    }
  },
  "json": {
    "sm--lg": {
      "jaccard": [
        0.7746031746031746
      ],
      "braycurtis": [
        0.552099533437014
      ],
      "dice": [
        0.6321243523316062
      ],
      "cosinus": [
        0.24313579201547852
      ]
    },
    "sm--md": {
      "jaccard": [
        0.7412587412587412
      ],
      "braycurtis": [
        0.5743243243243243
      ],
      "dice": [
        0.5888888888888889
      ],
      "cosinus": [
        0.474218078274383
      ]
    },
    "sm--sm": {
      "jaccard": [
        0.8381294964028777
      ],
      "braycurtis": [
        0.5306957708049114
      ],
      "dice": [
        0.7213622291021672
      ],
      "cosinus": [
        0.11645394216516225
      ]
    },
    "lg--md": {
      "jaccard": [
        0.6557377049180327
      ],
      "braycurtis": [
        0.4414784394250513
      ],
      "dice": [
        0.4878048780487805
      ],
      "cosinus": [
        0.21936732182161345
      ]
    },
    "lg--sm": {
      "jaccard": [
        0.8979591836734694
      ],
      "braycurtis": [
        0.6678571428571428
      ],
      "dice": [
        0.8148148148148148
      ],
      "cosinus": [
        0.3615384615384615
      ]
    },
    "lg--lg": {
      "jaccard": [
        0.8333333333333334
      ],
      "braycurtis": [
        0.5648351648351648
      ],
      "dice": [
        0.7142857142857143
      ],
      "cosinus": [
        0.18827433315269493
      ]
    },
    "md--sm": {
      "jaccard": [
        0.9083333333333333
      ],
      "braycurtis": [
        0.7258687258687259
      ],
      "dice": [
        0.8320610687022901
      ],
      "cosinus": [
        0.5160730607591721
      ]
    },
    "md--lg": {
      "jaccard": [
        0.8780487804878049
      ],
      "braycurtis": [
        0.6464891041162227
      ],
      "dice": [
        0.782608695652174
      ],
      "cosinus": [
        0.2738311250613007
      ]
    },
    "md--md": {
      "jaccard": [
        0.8342857142857143
      ],
      "braycurtis": [
        0.56353591160221
      ],
      "dice": [
        0.7156862745098039
      ],
      "cosinus": [
        0.17770728700099714
      ]
    }
  }
}