{
  "txt": {
    "PP--Kraken-base": {
      "jaccard": [
        0.6041933418693982
      ],
      "braycurtis": [
        0.2020727818420559
      ],
      "dice": [
        0.4328632037610366
      ],
      "cosinus": [
        0.026162890836085473
      ]
    }
  },
  "json": {
    "sm--lg": {
      "jaccard": [
        0.9055944055944056
      ],
      "braycurtis": [
        0.7209985315712188
      ],
      "dice": [
        0.8274760383386581
      ],
      "cosinus": [
        0.3066204100372748
      ]
    },
    "sm--md": {
      "jaccard": [
        0.7046153846153846
      ],
      "braycurtis": [
        0.582562747688243
      ],
      "dice": [
        0.5439429928741093
      ],
      "cosinus": [
        0.5603841757685712
      ]
    },
    "sm--sm": {
      "jaccard": [
        0.8119122257053292
      ],
      "braycurtis": [
        0.4450736126840317
      ],
      "dice": [
        0.683377308707124
      ],
      "cosinus": [
        0.07058956415703332
      ]
    },
    "lg--md": {
      "jaccard": [
        0.61328125
      ],
      "braycurtis": [
        0.4306306306306306
      ],
      "dice": [
        0.4422535211267606
      ],
      "cosinus": [
        0.2911833709401458
      ]
    },
    "lg--lg": {
      "jaccard": [
        0.8646288209606987
      ],
      "braycurtis": [
        0.5708661417322834
      ],
      "dice": [
        0.7615384615384615
      ],
      "cosinus": [
        0.21627408020615568
      ]
    },
    "lg--sm": {
      "jaccard": [
        0.7146814404432132
      ],
      "braycurtis": [
        0.5650118203309693
      ],
      "dice": [
        0.5560344827586207
      ],
      "cosinus": [
        0.30192191348689923
      ]
    },
    "md--lg": {
      "jaccard": [
        0.8849557522123894
      ],
      "braycurtis": [
        0.6781115879828327
      ],
      "dice": [
        0.7936507936507936
      ],
      "cosinus": [
        0.36511829165386134
      ]
    },
    "md--sm": {
      "jaccard": [
        0.910958904109589
      ],
      "braycurtis": [
        0.7365269461077845
      ],
      "dice": [
        0.8364779874213837
      ],
      "cosinus": [
        0.5447688597708881
      ]
    },
    "md--md": {
      "jaccard": [
        0.8192090395480226
      ],
      "braycurtis": [
        0.5437665782493368
      ],
      "dice": [
        0.69377990430622
      ],
      "cosinus": [
        0.16254335337667625
      ]
    }
  }
}