{
  "txt": {
    "Kraken-base--PP": {
      "jaccard": [
        0.6447804878048781
      ],
      "braycurtis": [
        0.20862232779097387
      ],
      "dice": [
        0.4757756820963214
      ],
      "cosinus": [
        0.015885393715821983
      ]
    }
  },
  "json": {
    "sm--lg": {
      "jaccard": [
        0.6
      ],
      "braycurtis": [
        0.47735191637630664
      ],
      "dice": [
        0.42857142857142855
      ],
      "cosinus": [
        0.45762355512185937
      ]
    },
    "sm--md": {
      "jaccard": [
        0.8107416879795396
      ],
      "braycurtis": [
        0.662608695652174
      ],
      "dice": [
        0.6817204301075269
      ],
      "cosinus": [
        0.4584918045525488
      ]
    },
    "sm--sm": {
      "jaccard": [
        0.7610208816705336
      ],
      "braycurtis": [
        0.45609065155807366
      ],
      "dice": [
        0.6142322097378277
      ],
      "cosinus": [
        0.09831822538122625
      ]
    },
    "lg--md": {
      "jaccard": [
        0.8112676056338028
      ],
      "braycurtis": [
        0.548926014319809
      ],
      "dice": [
        0.6824644549763034
      ],
      "cosinus": [
        0.2501507312825427
      ]
    },
    "lg--sm": {
      "jaccard": [
        0.8501170960187353
      ],
      "braycurtis": [
        0.6781818181818182
      ],
      "dice": [
        0.7393075356415478
      ],
      "cosinus": [
        0.5200412335612903
      ]
    },
    "lg--lg": {
      "jaccard": [
        0.7936962750716332
      ],
      "braycurtis": [
        0.5326215895610913
      ],
      "dice": [
        0.6579572446555819
      ],
      "cosinus": [
        0.2696986436399891
      ]
    },
    "md--md": {
      "jaccard": [
        0.7589285714285714
      ],
      "braycurtis": [
        0.5023923444976076
      ],
      "dice": [
        0.6115107913669064
      ],
      "cosinus": [
        0.24134298887181238
      ]
    },
    "md--sm": {
      "jaccard": [
        0.5560747663551402
      ],
      "braycurtis": [
        0.45560747663551404
      ],
      "dice": [
        0.3851132686084142
      ],
      "cosinus": [
        0.4212702457033899
      ]
    },
    "md--lg": {
      "jaccard": [
        0.35172413793103446
      ],
      "braycurtis": [
        0.18864774624373956
      ],
      "dice": [
        0.21338912133891214
      ],
      "cosinus": [
        0.04592034536651035
      ]
    }
  }
}